id,sales
2975827,870164.8794777705
2975828,863317.2547772395
2975829,860329.097488211
2975830,859025.129415416
2975831,858456.1055755026
2975832,858207.795714897
2975833,858099.4385907326
2975834,858052.1538541196
2975835,858031.5198041316
2975836,858022.5155450534
2975837,858018.5862785452
2975838,858016.8716304927
2975839,858016.1233946737
2975840,858015.7968805298
2975841,858015.6543967254
